
-- lechure table structure

CREATE TABLE Lecturer(
lecturer_ID CHAR(5) PRIMARY KEY,
Cource_id   CHAR(8),
Name  varchar(30),
Address varchar(100));


-- data of the table

INSERT INTO Lecturer VALUES
('L001','ICT1213','Mr.Aayansh',"123 Main Street, Colombo 07"),
('L002','ICT1222','Miss.Kavindi','45 Galle Road, Mount Lavinia'),
('L003','ICT1233','Miss.Nadeesha','No. 5, Kandy Road, Nugegoda'),
('L004','ICT1242','mr.Tharindu','78, Church Street, Negombo'),
('L005','ICT1253','Miss.Ishara','34, Peradeniya Road, Kandy'),
('L006','ICT1261','Mr.Lakal','10, Kottawa Junction, Piliyandala'),
('L007','ICT1271','mr.Ruwan','56, Gampaha Road, Kelaniya'),
('L008','ICT1283','Mr.Nishan',"thadchanamaruthamaadhu mannar"),
('L009','ICT1293','Miss.Shaneeka','22, High Street, Jaffna'),
('L010','ICT12101','Ms.Kusum','88, Baduwatta, Galle');
--- attendance table structure

CREATE TABLE `Attendance` (
  `student_id` varchar(10) NOT NULL,
  `course_id` varchar(10) NOT NULL,
  `week_01` varchar(2) DEFAULT NULL,
  `week_02` varchar(2) DEFAULT NULL,
  `week_03` varchar(2) DEFAULT NULL,
  `week_04` varchar(2) DEFAULT NULL,
  `week_05` varchar(2) DEFAULT NULL,
  `week_06` varchar(2) DEFAULT NULL,
  `week_07` varchar(2) DEFAULT NULL,
  `week_08` varchar(2) DEFAULT NULL,
  `week_09` varchar(2) DEFAULT NULL,
  `week_10` varchar(2) DEFAULT NULL,
  `week_11` varchar(2) DEFAULT NULL,
  `week_12` varchar(2) DEFAULT NULL,
  `week_13` varchar(2) DEFAULT NULL,
  `week_14` varchar(2) DEFAULT NULL,
  `week_15` varchar(2) DEFAULT NULL,
  `total_attended` int(11) GENERATED ALWAYS AS (case when `week_01` = 'AB' then 0 when `week_01` = 'MC' then 1 else cast(`week_01` as signed) end + case when `week_02` = 'AB' then 0 when `week_02` = 'MC' then 1 else cast(`week_02` as signed) end + case when `week_03` = 'AB' then 0 when `week_03` = 'MC' then 1 else cast(`week_03` as signed) end + case when `week_04` = 'AB' then 0 when `week_04` = 'MC' then 1 else cast(`week_04` as signed) end + case when `week_05` = 'AB' then 0 when `week_05` = 'MC' then 1 else cast(`week_05` as signed) end + case when `week_06` = 'AB' then 0 when `week_06` = 'MC' then 1 else cast(`week_06` as signed) end + case when `week_07` = 'AB' then 0 when `week_07` = 'MC' then 1 else cast(`week_07` as signed) end + case when `week_08` = 'AB' then 0 when `week_08` = 'MC' then 1 else cast(`week_08` as signed) end + case when `week_09` = 'AB' then 0 when `week_09` = 'MC' then 1 else cast(`week_09` as signed) end + case when `week_10` = 'AB' then 0 when `week_10` = 'MC' then 1 else cast(`week_10` as signed) end + case when `week_11` = 'AB' then 0 when `week_11` = 'MC' then 1 else cast(`week_11` as signed) end + case when `week_12` = 'AB' then 0 when `week_12` = 'MC' then 1 else cast(`week_12` as signed) end + case when `week_13` = 'AB' then 0 when `week_13` = 'MC' then 1 else cast(`week_13` as signed) end + case when `week_14` = 'AB' then 0 when `week_14` = 'MC' then 1 else cast(`week_14` as signed) end + case when `week_15` = 'AB' then 0 when `week_15` = 'MC' then 1 else cast(`week_15` as signed) end) VIRTUAL
) ENGINE=InnoDB DEFAULT CHARSET=utf8mb4 COLLATE=utf8mb4_general_ci;


---- data of the attendance

INSERT INTO `Attendance` (`student_id`, `course_id`, `week_01`, `week_02`, `week_03`, `week_04`, `week_05`, `week_06`, `week_07`, `week_08`, `week_09`, `week_10`, `week_11`, `week_12`, `week_13`, `week_14`, `week_15`) VALUES
('TG1062', 'ICT1213', '1', '1', '1', '1', '1', '1', '1', '1', '1', '1', '1', '1', '1', '1', '1'),
('TG1062', 'ICT1222', '1', '1', '1', 'AB', '1', '1', '1', '1', '1', 'MC', '1', 'AB', '1', '1', '1'),
('TG1062', 'ICT1233', '1', '1', '1', '1', '1', '1', '1', '1', '1', '1', '1', '1', '1', '1', '1'),
('TG1062', 'ICT1242', '1', '1', '1', '1', '1', '1', '1', '1', '1', '1', '1', '1', '1', '1', '1'),
('TG1062', 'ICT1253', '1', '1', '1', '1', '1', '1', '1', '1', '1', '1', '1', '1', '1', '1', '1'),
('TG1062', 'ICT1261', '1', '1', '1', '1', '1', '1', '1', '1', '1', '1', '1', '1', '1', '1', '1'),
('TG1062', 'ICT1271', '1', '1', '1', '1', '1', '1', '1', '1', '1', '1', '1', '1', '1', '1', '1'),
('TG1062', 'ICT1283', '1', '1', '1', '1', '1', '1', '1', '1', '1', '1', '1', '1', '1', '1', '1'),
('TG1062', 'ICT1293', '1', '1', '1', '1', '1', '1', '1', '1', '1', '1', '1', 'AB', '1', '1', '1'),
('TG1062', 'ICT12102', '1', '1', '1', '1', '1', '1', '1', '1', '1', '1', '1', 'AB', '1', '1', '1'),
('TG1063', 'ICT1213', '1', '1', '1', '1', '1', '1', '1', '1', '1', '1', '1', 'AB', '1', '1', '1'),
('TG1063', 'ICT1222', '1', '1', '1', '1', 'AB', '1', 'AB', '1', '1', '1', '1', 'AB', '1', 'AB', '1'),
('TG1063', 'ICT1233', '1', '1', '1', '1', '1', '1', '1', '1', '1', '1', '1', 'AB', '1', '1', '1'),
('TG1063', 'ICT1242', '1', '1', '1', '1', '1', '1', '1', '1', '1', '1', '1', 'AB', '1', '1', '1'),
('TG1063', 'ICT1253', '1', '1', '1', '1', '1', '1', '1', '1', '1', '1', '1', 'AB', '1', '1', '1'),
('TG1063', 'ICT1261', '1', '1', '1', '1', '1', '1', '1', '1', '1', '1', '1', 'AB', '1', '1', '1'),
('TG1063', 'ICT1271', '1', '1', '1', '1', '1', '1', '1', '1', 'AB', '1', '1', '1', '1', '1', '1'),
('TG1063', 'ICT1283', '1', '1', '1', '1', '1', '1', '1', '1', '1', '1', '1', '1', '1', '1', '1'),
('TG1063', 'ICT1293', '1', '1', '1', '1', '1', '1', '1', '1', '1', '1', '1', '1', '1', '1', '1'),
('TG1063', 'ICT12102', '1', '1', '1', '1', '1', '1', '1', '1', '1', '1', '1', '1', '1', '1', '1'),
('TG1064', 'ICT1213', '1', '1', '1', '1', '1', '1', '1', '1', '1', '1', '1', '1', '1', '1', '1'),
('TG1064', 'ICT1222', '1', '1', '1', '1', '1', '1', '1', '1', '1', '1', '1', '1', '1', '1', '1'),
('TG1064', 'ICT1233', '1', '1', '1', '1', '1', '1', '1', '1', '1', '1', '1', '1', '1', '1', '1'),
('TG1064', 'ICT1242', '1', '1', '1', '1', '1', '1', '1', '1', '1', '1', '1', '1', '1', '1', '1'),
('TG1064', 'ICT1253', '1', 'AB', '1', '1', 'AB', '1', 'AB', '1', 'AB', '1', '1', 'AB', '1', 'AB', '1'),
('TG1064', 'ICT1261', '1', 'MC', '1', '1', 'AB', '1', '1', '1', 'AB', '1', '1', '1', '1', '1', '1'),
('TG1064', 'ICT1271', '1', 'MC', '1', '1', '1', '1', '1', '1', 'AB', '1', '1', '1', '1', '1', '1'),
('TG1064', 'ICT1283', '1', 'MC', '1', '1', '1', '1', '1', '1', 'AB', '1', '1', '1', '1', '1', '1'),
('TG1064', 'ICT1293', '1', 'MC', '1', '1', '1', '1', '1', '1', 'AB', '1', '1', '1', '1', '1', '1'),
('TG1064', 'ICT12102', '1', 'MC', '1', '1', '1', '1', '1', '1', 'AB', '1', '1', '1', '1', '1', '1'),
('TG1414', 'ICT1213' ,'1', 'MC', '1', '1', '1', '1', 'AB', '1', 'AB', '1', '1', 'AB', '1', 'AB', '1'),
('TG1414', 'ICT1222', '1', 'MC', '1', '1', 'AB', '1', 'AB', '1', 'AB', '1', 'AB', '1', 'AB', '1', '1'),
('TG1414', 'ICT1233', '1', '1', '1', '1', '1', '1', '1', '1', '1', '1', '1', '1', 'AB', '1', '1'),
('TG1414', 'ICT1242', '1', '1', '1', '1', '1', '1', '1', '1', '1', '1', '1', '1', '1', '1', '1'),
('TG1414', 'ICT1252', '1', '1', '1', '1', '1', '1', '1', '1', '1', '1', '1', '1', '1', '1', '1'),
('TG1414', 'ICT1261', '1', '1', '1', '1', '1', '1', '1', '1', '1', '1', '1', '1', '1', '1', '1'),
('TG1414', 'ICT1271', '1', '1', '1', '1', '1', '1', '1', '1', '1', '1', '1', '1', '1', '1', '1'),
('TG1414', 'ICT1283', '1', '1', '1', '1', '1', '1', '1', '1', '1', '1', '1', '1', '1', '1', '1'),
('TG1414', 'ICT1293', '1', '1', '1', '1', '1', '1', '1', '1', '1', '1', '1', '1', '1', '1', '1'),
('TG1414', 'ICT12102', '1', '1', '1', '1', '1', '1', '1', '1', '1', '1', '1', '1', '1', '1', '1'),
('TG1413', 'ICT1213', '1', '1', '1', '1', '1', '1', '1', '1', '1', '1', '1', '1', 'AB', '1', '1'),
('TG1413', 'ICT1222', '1', '1', '1', '1', '1', '1', '1', '1', '1', '1', '1', '1', '1', '1', '1'),
('TG1413', 'ICT1233', '1', '1', '1', '1', '1', '1', '1', '1', '1', '1', '1', '1', '1', '1', '1'),
('TG1413', 'ICT1242', '1', '1', '1', '1', '1', '1', '1', '1', '1', '1', '1', '1', '1', '1', '1'),
('TG1413', 'ICT1253', '1', '1', '1', '1', '1', '1', '1', '1', '1', '1', '1', '1', '1', '1', '1'),
('TG1413', 'ICT1261', '1', '1', '1', '1', '1', '1', '1', '1', '1', '1', '1', '1', '1', '1', '1'),
('TG1413', 'ICT1271', '1', '1', '1', '1', '1', '1', '1', '1', '1', '1', '1', '1', '1', '1', '1'),
('TG1413', 'ICT1283', '1', '1', '1', '1', '1', '1', '1', '1', '1', '1', '1', '1', '1', '1', '1'),
('TG1413', 'ICT1293', '1', '1', 'MC', '1', '1', '1', '1', '1', '1', '1', '1', '1', 'AB', '1', '1'),
('TG1413', 'ICT12102', '1', '1', 'MC', '1', '1', '1', '1', '1', '1', '1', '1', '1', 'AB', '1', '1'),
('TG1415', 'ICT1213', '1', '1', 'MC', '1', '1', '1', '1', '1', '1', '1', '1', '1', 'AB', '1', '1'),
('TG1415', 'ICT1222', '1', '1', 'MC', '1', '1', '1', '1', '1', '1', '1', '1', '1', 'AB', '1', '1'),
('TG1415', 'ICT1233', '1', '1', 'MC', '1', '1', '1', '1', '1', '1', '1', '1', '1', 'AB', '1', '1'),
('TG1415', 'ICT1242', '1', '1', 'MC', '1', '1', '1', '1', '1', '1', '1', '1', '1', 'AB', '1', '1'),
('TG1415', 'ICT1253', '1', '1', 'MC', '1', '1', '1', '1', '1', '1', '1', '1', '1', 'AB', '1', '1'),
('TG1415', 'ICT1261', '1', '1', 'MC', '1', '1', '1', '1', '1', '1', '1', '1', '1', 'AB', '1', '1'),
('TG1415', 'ICT1271', '1', '1', 'AB', '1', '1', 'AB', '1', 'AB', '1', 'AB', '1', '1', 'AB', '1', 'MC'),
('TG1415', 'ICT1283', '1', '1', '1', '1', '1', '1', '1', '1', '1', 'AB', '1', '1', 'AB', '1', 'MC'),
('TG1415', 'ICT1293', '1', '1', '1', '1', '1', '1', '1', '1', '1', 'AB', '1', '1', 'AB', '1', 'MC'),
('TG1415', 'ICT12102', '1', '1', 'AB', '1', 'AB', 'AB', '1', '1', '1', 'AB', '1', '1', 'AB', '1', 'MC'),
('TG1417', 'ICT1213', '1', '1', '1', '1', '1', '1', '1', '1', '1', 'AB', '1', '1', 'AB', '1', 'MC'),
('TG1417', 'ICT1222', '1', '1', 'AB', '1', 'AB', '1', '1', '1', '1', 'AB', '1', '1', 'AB', '1', 'MC'),
('TG1417', 'ICT1233', '1', '1', '1', '1', '1', '1', '1', '1', '1', 'AB', '1', '1', 'AB', '1', 'MC'),
('TG1417', 'ICT1242', '1', '1', 'AB', '1', 'AB', '1', '1', '1', '1', 'AB', '1', '1', 'AB', '1', 'MC'),
('TG1417', 'ICT1253', '1', '1', '1', '1', '1', '1', '1', '1', '1', '1', '1', '1', 'AB', '1', '1'),
('TG1417', 'ICT1261', '1', '1', '1', '1', '1', '1', '1', '1', '1', '1', '1', '1', 'AB', '1', '1'),
('TG1417', 'ICT1271', '1', '1', '1', '1', '1', '1', '1', '1', '1', '1', '1', '1', 'AB', '1', '1'),
('TG1417', 'ICT1283', '1', '1', '1', '1', '1', '1', '1', '1', '1', '1', '1', '1', 'AB', '1', '1'),
('TG1417', 'ICT1293', '1', '1', '1', '1', '1', '1', '1', '1', '1', '1', '1', '1', 'AB', '1', '1'),
('TG1417', 'ICT12102', '1', '1', '1', '1', '1', '1', '1', '1', '1', '1', '1', '1', 'AB', '1', '1'),
('TG1067', 'ICT1213', '1', '1', '1', '1', '1', '1', '1', '1', '1', '1', '1', '1', 'AB', '1', '1'),
('TG1067', 'ICT1222', '1', '1', '1', '1', '1', '1', '1', '1', '1', '1', '1', '1', 'AB', '1', '1'),
('TG1067', 'ICT1233', '1', '1', '1', '1', '1', '1', '1', '1', '1', '1', '1', '1', '1', '1', '1'),
('TG1067', 'ICT1242', '1', '1', '1', '1', '1', '1', '1', '1', '1', '1', '1', '1', '1', '1', '1'),
('TG1067', 'ICT1253', '1', '1', '1', '1', '1', '1', '1', '1', '1', '1', '1', '1', '1', '1', '1'),
('TG1067', 'ICT1261', '1', '1', '1', '1', '1', '1', '1', '1', '1', '1', '1', '1', '1', '1', '1'),
('TG1067', 'ICT1271', '1', '1', '1', '1', '1', '1', '1', '1', '1', '1', '1', '1', '1', '1', '1'),
('TG1067', 'ICT1283', '1', '1', '1', '1', '1', '1', '1', '1', '1', '1', '1', '1', '1', '1', '1'),
('TG1067', 'ICT1293', '1', '1', '1', '1', '1', '1', '1', '1', '1', '1', '1', '1', '1', '1', '1'),
('TG1067', 'ICT12102', '1', '1', '1', '1', '1', '1', '1', '1', '1', '1', '1', '1', '1', '1', '1'),
('TG1416', 'ICT1213', '1', '1', '1', '1', '1', '1', '1', '1', '1', '1', '1', '1', '1', '1', '1'),
('TG1416', 'ICT1222', '1', '1', '1', '1', '1', '1', '1', '1', '1', '1', '1', '1', '1', '1', '1'),
('TG1416', 'ICT1233', '1', '1', '1', '1', '1', '1', '1', '1', '1', '1', '1', '1', 'AB', '1', '1'),
('TG1416', 'ICT1242', '1', '1', '1', '1', '1', '1', '1', '1', '1', '1', '1', '1', '1', '1', '1'),
('TG1416', 'ICT1253', '1', '1', '1', '1', '1', '1', '1', '1', '1', '1', '1', '1', '1', '1', '1'),
('TG1416', 'ICT1261', '1', '1', '1', '1', '1', '1', '1', '1', '1', '1', '1', '1', '1', '1', '1'),
('TG1416', 'ICT1271', '1', '1', '1', '1', '1', '1', '1', '1', '1', '1', '1', '1', '1', '1', '1'),
('TG1416', 'ICT1283', '1', '1', '1', '1', '1', '1', '1', '1', '1', '1', '1', '1', '1', '1', '1'),
('TG1416', 'ICT1293', '1', '1', '1', '1', '1', '1', '1', '1', '1', '1', '1', '1', '1', '1', '1'),
('TG1416', 'ICT12102', '1', '1', '1', '1', '1', '1', '1', '1', '1', '1', '1', '1', '1', '1', '1'),
('TG1345', 'ICT1213', '1', '1', 'MC', '1', '1', '1', '1', '1', '1', '1', '1', '1', 'AB', '1', '1'),
('TG1345', 'ICT1222', '1', '1', 'MC', '1', '1', '1', '1', '1', '1', '1', '1', '1', 'AB', '1', '1'),
('TG1345', 'ICT1233', '1', '1', 'MC', '1', '1', '1', '1', '1', '1', '1', '1', '1', 'AB', '1', '1'),
('TG1345', 'ICT1242', '1', '1', 'MC', '1', '1', '1', '1', '1', '1', '1', '1', '1', 'AB', '1', '1'),
('TG4345', 'ICT1253', '1', '1', 'MC', '1', '1', '1', '1', '1', '1', '1', '1', '1', 'AB', '1', '1'),
('TG1345', 'ICT1261', '1', '1', 'MC', '1', '1', '1', '1', '1', '1', '1', '1', '1', 'AB', '1', '1'),
('TG1345', 'TCS1271', '1', '1', 'MC', '1', '1', '1', '1', '1', '1', '1', '1', '1', 'AB', '1', '1'),
('TG1345', 'ICT1283', '1', '1', 'MC', '1', '1', '1', '1', '1', '1', '1', '1', '1', 'AB', '1', '1'),
('TG1345', 'ICT1293', '1', '1', 'AB', '1', '1', 'AB', '1', 'AB', '1', 'AB', '1', '1', 'AB', '1', 'MC'),
('TG1345', 'ICT12102', '1', '1', '1', '1', '1', '1', '1', '1', '1', 'AB', '1', '1', 'AB', '1', 'MC'),
('TG1418', 'ICT1213', '1', '1', '1', '1', '1', '1', '1', '1', '1', '1', '1', '1', '1', '1', '1'),
('TG1418', 'ICT1222', '1', '1', '1', 'AB', '1', '1', '1', '1', '1', 'MC', '1', 'AB', '1', '1', '1'),
('TG1418', 'ICT1233', '1', '1', '1', '1', '1', '1', '1', '1', '1', '1', '1', '1', '1', '1', '1'),
('TG1418', 'ICT1242', '1', '1', '1', '1', '1', '1', '1', '1', '1', '1', '1', '1', '1', '1', '1'),
('TG1418', 'ICT1253', '1', '1', '1', '1', '1', '1', '1', '1', '1', '1', '1', '1', '1', '1', '1'),
('TG1418', 'ICT1261', '1', '1', '1', '1', '1', '1', '1', '1', '1', '1', '1', '1', '1', '1', '1'),
('TG1418', 'ICT1271', '1', '1', '1', '1', '1', '1', '1', '1', '1', '1', '1', '1', '1', '1', '1'),
('TG1418', 'ICT1283', '1', '1', '1', '1', '1', '1', '1', '1', '1', '1', '1', '1', '1', '1', '1'),
('TG1418', 'ICT1293', '1', '1', '1', '1', '1', '1', '1', '1', '1', '1', '1', 'AB', '1', '1', '1'),
('TG1418', 'ICT12102', '1', '1', '1', '1', '1', '1', '1', '1', '1', '1', '1', 'AB', '1', '1', '1'),
('TG1419', 'ICT1213', '1', '1', '1', '1', '1', '1', '1', '1', '1', '1', '1', 'AB', '1', '1', '1'),
('TG1419', 'ICT1222', '1', '1', '1', '1', 'AB', '1', 'AB', '1', '1', '1', '1', 'AB', '1', 'AB', '1'),
('TG1419', 'ICT1233', '1', '1', '1', '1', '1', '1', '1', '1', '1', '1', '1', 'AB', '1', '1', '1'),
('TG1419', 'ICT1242', '1', '1', '1', '1', '1', '1', '1', '1', '1', '1', '1', 'AB', '1', '1', '1'),
('TG1419', 'ICT1253', '1', '1', '1', '1', '1', '1', '1', '1', '1', '1', '1', 'AB', '1', '1', '1'),
('TG1419', 'ICT1261', '1', '1', '1', '1', '1', '1', '1', '1', '1', '1', '1', 'AB', '1', '1', '1'),
('TG1419', 'ICT1271', '1', '1', '1', '1', '1', '1', '1', '1', 'AB', '1', '1', '1', '1', '1', '1'),
('TG1419', 'ICT1283', '1', '1', '1', '1', '1', '1', '1', '1', '1', '1', '1', '1', '1', '1', '1'),
('TG1419', 'ICT1293', '1', '1', '1', '1', '1', '1', '1', '1', '1', '1', '1', '1', '1', '1', '1'),
('TG1419', 'ICT12102', '1', '1', '1', '1', '1', '1', '1', '1', '1', '1', '1', '1', '1', '1', '1'),
('TG1420', 'ICT1213', '1', 'MC', '1', '1', '1', '1', 'AB', '1', 'AB', '1', '1', 'AB', '1', 'AB', '1'),
('TG1420', 'ICT1222', '1', 'MC', '1', '1', 'AB', '1', 'AB', '1', 'AB', '1', 'AB', '1', 'AB', '1', '1'),
('TG1420', 'ICT1233', '1', '1', '1', '1', '1', '1', '1', '1', '1', '1', '1', '1', 'AB', '1', '1'),
('TG1420', 'ICT1242', '1', '1', '1', '1', '1', '1', '1', '1', '1', '1', '1', '1', '1', '1', '1'),
('TG1420', 'ICT1253', '1', '1', '1', '1', '1', '1', '1', '1', '1', '1', '1', '1', '1', '1', '1'),
('TG1420', 'ICT1261', '1', '1', '1', '1', '1', '1', '1', '1', '1', '1', '1', '1', '1', '1', '1'),
('TG1420', 'ICT1271', '1', '1', '1', '1', '1', '1', '1', '1', '1', '1', '1', '1', '1', '1', '1'),
('TG1420', 'ICT1283', '1', '1', '1', '1', '1', '1', '1', '1', '1', '1', '1', '1', '1', '1', '1'),
('TG1420', 'ICT1293', '1', '1', '1', '1', '1', '1', '1', '1', '1', '1', '1', '1', '1', '1', '1'),
('TG1420', 'ICT12102', '1', '1', '1', '1', '1', '1', '1', '1', '1', '1', '1', '1', '1', '1', '1'),
('TG1421', 'ICT1213', '1', '1', '1', '1', '1', '1', '1', '1', '1', '1', '1', '1', 'AB', '1', '1'),
('TG1421', 'ICT1222', '1', '1', '1', '1', '1', '1', '1', '1', '1', '1', '1', '1', '1', '1', '1'),
('TG1421', 'ICT1233', '1', '1', '1', '1', '1', '1', '1', '1', '1', '1', '1', '1', '1', '1', '1'),
('TG1421', 'ICT1242', '1', '1', '1', '1', '1', '1', '1', '1', '1', '1', '1', '1', '1', '1', '1'),
('TG1421', 'ICT1253', '1', '1', '1', '1', '1', '1', '1', '1', '1', '1', '1', '1', '1', '1', '1'),
('TG1421', 'ICT1261', '1', '1', '1', '1', '1', '1', '1', '1', '1', '1', '1', '1', '1', '1', '1'),
('TG1421', 'ICT1271', '1', '1', '1', '1', '1', '1', '1', '1', '1', '1', '1', '1', '1', '1', '1'),
('TG1421', 'ICT1283', '1', '1', '1', '1', '1', '1', '1', '1', '1', '1', '1', '1', '1', '1', '1'),
('TG1421', 'ICT1293', '1', '1', 'MC', '1', '1', '1', '1', '1', '1', '1', '1', '1', 'AB', '1', '1'),
('TG1421', 'ICT12103', '1', '1', 'MC', '1', '1', '1', '1', '1', '1', '1', '1', '1', 'AB', '1', '1'),
('TG1422', 'ICT1213', '1', '1', 'MC', '1', '1', '1', '1', '1', '1', '1', '1', '1', 'AB', '1', '1'),
('TG1422', 'ICT1222', '1', '1', 'MC', '1', '1', '1', '1', '1', '1', '1', '1', '1', 'AB', '1', '1'),
('TG1422', 'ICT1233', '1', '1', 'MC', '1', '1', '1', '1', '1', '1', '1', '1', '1', 'AB', '1', '1'),
('TG1422', 'ICT1242', '1', '1', 'MC', '1', '1', '1', '1', '1', '1', '1', '1', '1', 'AB', '1', '1'),
('TG1422', 'TCS1253', '1', '1', 'MC', '1', '1', '1', '1', '1', '1', '1', '1', '1', 'AB', '1', '1'),
('TG1422', 'ICT1261', '1', '1', 'MC', '1', '1', '1', '1', '1', '1', '1', '1', '1', 'AB', '1', '1'),
('TG1422', 'ICT1271', '1', '1', 'AB', '1', '1', 'AB', '1', 'AB', '1', 'AB', '1', '1', 'AB', '1', 'MC'),
('TG1422', 'ICT1283', '1', '1', '1', '1', '1', '1', '1', '1', '1', 'AB', '1', '1', 'AB', '1', 'MC'),
('TG1422', 'ICT1293', '1', '1', '1', '1', '1', '1', '1', '1', '1', 'AB', '1', '1', 'AB', '1', 'MC'),
('TG1422', 'ICT12102', '1', '1', 'AB', '1', 'AB', 'AB', '1', '1', '1', 'AB', '1', '1', 'AB', '1', 'MC'),
('TG1423', 'ICT1213', '1', '1', 'MC', '1', '1', '1', '1', '1', '1', '1', '1', '1', 'AB', '1', '1'),
('TG1423', 'ICT1222', '1', '1', 'MC', '1', '1', '1', '1', '1', '1', '1', '1', '1', 'AB', '1', '1'),
('TG1423', 'ICT1233', '1', '1', 'MC', '1', '1', '1', '1', '1', '1', '1', '1', '1', 'AB', '1', '1'),
('TG1423', 'ICT1242', '1', '1', 'MC', '1', '1', '1', '1', '1', '1', '1', '1', '1', 'AB', '1', '1'),
('TG1423', 'ICT1253', '1', '1', 'MC', '1', '1', '1', '1', '1', '1', '1', '1', '1', 'AB', '1', '1'),
('TG1423', 'ICT1261', '1', '1', 'MC', '1', '1', '1', '1', '1', '1', '1', '1', '1', 'AB', '1', '1'),
('TG1423', 'ICT1271', '1', '1', 'AB', '1', '1', 'AB', '1', 'AB', '1', 'AB', '1', '1', 'AB', '1', 'MC'),
('TG1423', 'ICT1283', '1', '1', '1', '1', '1', '1', '1', '1', '1', 'AB', '1', '1', 'AB', '1', 'MC'),
('TG1423', 'ICT1293', '1', '1', '1', '1', '1', '1', '1', '1', '1', 'AB', '1', '1', 'AB', '1', 'MC'),
('TG1423', 'ICT12102', '1', '1', 'AB', '1', 'AB', 'AB', '1', '1', '1', 'AB', '1', '1', 'AB', '1', 'MC'),
('TG1424', 'ICT1213', '1', '1', '1', '1', '1', '1', '1', '1', '1', 'AB', '1', '1', 'AB', '1', 'MC'),
('TG1424', 'ICT1222', '1', '1', 'AB', '1', 'AB', '1', '1', '1', '1', 'AB', '1', '1', 'AB', '1', 'MC'),
('TG1424', 'ICT1233', '1', '1', '1', '1', '1', '1', '1', '1', '1', 'AB', '1', '1', 'AB', '1', 'MC'),
('TG1424', 'ICT1242', '1', '1', 'AB', '1', 'AB', '1', '1', '1', '1', 'AB', '1', '1', 'AB', '1', 'MC'),
('TG1424', 'ICT1253', '1', '1', '1', '1', '1', '1', '1', '1', '1', '1', '1', '1', 'AB', '1', '1'),
('TG1424', 'ICT1261', '1', '1', '1', '1', '1', '1', '1', '1', '1', '1', '1', '1', 'AB', '1', '1'),
('TG1424', 'ICT1271', '1', '1', '1', '1', '1', '1', '1', '1', '1', '1', '1', '1', 'AB', '1', '1'),
('TG1424', 'ICT1283', '1', '1', '1', '1', '1', '1', '1', '1', '1', '1', '1', '1', 'AB', '1', '1'),
('TG1424', 'ICT1293', '1', '1', '1', '1', '1', '1', '1', '1', '1', '1', '1', '1', 'AB', '1', '1'),
('TG1424', 'ICT12102', '1', '1', '1', '1', '1', '1', '1', '1', '1', '1', '1', '1', 'AB', '1', '1'),
('TG1425', 'ICT1213', '1', '1', '1', '1', '1', '1', '1', '1', '1', '1', '1', '1', 'AB', '1', '1'),
('TG1425', 'ICT1222', '1', '1', '1', '1', '1', '1', '1', '1', '1', '1', '1', '1', 'AB', '1', '1'),
('TG1425', 'ICT1233', '1', '1', '1', '1', '1', '1', '1', '1', '1', '1', '1', '1', '1', '1', '1'),
('TG1425', 'ICT1242', '1', '1', '1', '1', '1', '1', '1', '1', '1', '1', '1', '1', '1', '1', '1'),
('TG1425', 'ICT1253', '1', '1', '1', '1', '1', '1', '1', '1', '1', '1', '1', '1', '1', '1', '1'),
('TG1425', 'ICT1261', '1', '1', '1', '1', '1', '1', '1', '1', '1', '1', '1', '1', '1', '1', '1'),
('TG1425', 'ICT1271', '1', '1', '1', '1', '1', '1', '1', '1', '1', '1', '1', '1', '1', '1', '1'),
('TG1425', 'ICT1283', '1', '1', '1', '1', '1', '1', '1', '1', '1', '1', '1', '1', '1', '1', '1'),
('TG1425', 'ICT1293', '1', '1', '1', '1', '1', '1', '1', '1', '1', '1', '1', '1', '1', '1', '1'),
('TG1425', 'ICT12102', '1', '1', '1', '1', '1', '1', '1', '1', '1', '1', '1', '1', '1', '1', '1'),
('TG1426', 'ICT1213', '1', '1', '1', '1', '1', '1', '1', '1', '1', '1', '1', '1', '1', '1', '1'),
('TG1426', 'ICT1222', '1', '1', '1', '1', '1', '1', '1', '1', '1', '1', '1', '1', '1', '1', '1'),
('TG1426', 'ICT1233', '1', '1', '1', '1', '1', '1', '1', '1', '1', '1', '1', '1', 'AB', '1', '1'),
('TG1426', 'ICT1242', '1', '1', '1', '1', '1', '1', '1', '1', '1', '1', '1', '1', '1', '1', '1'),
('TG1426', 'ICT1253', '1', '1', '1', '1', '1', '1', '1', '1', '1', '1', '1', '1', '1', '1', '1'),
('TG1426', 'ICT1261', '1', '1', '1', '1', '1', '1', '1', '1', '1', '1', '1', '1', '1', '1', '1'),
('TG1426', 'ICT1271', '1', '1', '1', '1', '1', '1', '1', '1', '1', '1', '1', '1', '1', '1', '1'),
('TG1426', 'ICT1283', '1', '1', '1', '1', '1', '1', '1', '1', '1', '1', '1', '1', '1', '1', '1'),
('TG1426', 'ICT1293', '1', '1', '1', '1', '1', '1', '1', '1', '1', '1', '1', '1', '1', '1', '1'),
('TG1426', 'ICT12102', '1', '1', '1', '1', '1', '1', '1', '1', '1', '1', '1', '1', '1', '1', '1'),
('TG1427', 'ICT1213', '1', '1', 'MC', '1', '1', '1', '1', '1', '1', '1', '1', '1', 'AB', '1', '1'),
('TG1427', 'ICT1222', '1', '1', 'MC', '1', '1', '1', '1', '1', '1', '1', '1', '1', 'AB', '1', '1'),
('TG1427', 'ICT1233', '1', '1', 'MC', '1', '1', '1', '1', '1', '1', '1', '1', '1', 'AB', '1', '1'),
('TG1427', 'ICT1242', '1', '1', 'MC', '1', '1', '1', '1', '1', '1', '1', '1', '1', 'AB', '1', '1'),
('TG1427', 'ICT1253', '1', '1', 'MC', '1', '1', '1', '1', '1', '1', '1', '1', '1', 'AB', '1', '1'),
('TG1427', 'ICT1261', '1', '1', 'MC', '1', '1', '1', '1', '1', '1', '1', '1', '1', 'AB', '1', '1'),
('TG1427', 'ICT1271', '1', '1', 'MC', '1', '1', '1', '1', '1', '1', '1', '1', '1', 'AB', '1', '1'),
('TG1427', 'ICT1283', '1', '1', 'MC', '1', '1', '1', '1', '1', '1', '1', '1', '1', 'AB', '1', '1'),
('TG1427', 'ICT1293', '1', '1', 'AB', '1', '1', 'AB', '1', 'AB', '1', 'AB', '1', '1', 'AB', '1', 'MC'),
('TG1427', 'ICT12102', '1', '1', '1', '1', '1', '1', '1', '1', '1', 'AB', '1', '1', 'AB', '1', 'MC');




##   structure of student table

CREATE TABLE IF NOT EXISTS student (
    student_id CHAR(6) PRIMARY KEY,
    NIC CHAR(12) UNIQUE,
    name VARCHAR(30),
    batch CHAR(4),
    gender CHAR(1) CHECK (gender IN ('M', 'F')),
    address VARCHAR(30),
    contact CHAR(10)
);


-- student table data 

## insert student table data

INSERT INTO student(student_id, NIC, name, batch, gender, address, contact) VALUES
('TG1062', '200127800625', 'Jamper', '2022', 'M', 'Jamper999@gmail.com', '761234654'),
('TG1063', '200157800625', 'Kumar', '2022', 'M', 'otara87@gmail.com', '761234789'),
('TG1064', '200130800025', 'Rohit', '2022', 'M', 'manodra@gmail.com', '761234678'),
('TG1414', '200227900425', 'Karuvadu', '2022', 'M', 'rajapaksha@gmail.com', '761234565'),
('TG1413', '200240800625', 'Rani', '2022', 'F', 'asmaakram2@gmail.com', '761234564'),
('TG1345', '200127700625', 'Pampu', '2022', 'M', 'kanadipudayan@gmail.com', '718032400'),
('TG1067', '200127800626', 'Shalini', '2022', 'F', 'shalini52@gmail.com', '761234567'),  -- Updated NIC for uniqueness
('TG1415', '200127800565', 'Pema', '2022', 'M', 'pema00@gmail.com', '718032468'),
('TG1417', '200127800800', 'Anpu', '2022', 'M', 'anpuSin@gmail.com', '761234573'),
('TG1416', '200277889955', 'Dinesh', '2022', 'M', 'dinesh@gmail.com', '749900223'),
('TG1418', '200212345678', 'Kaviya', '2022', 'F', 'kaviya@gmail.com', '788765432'),
('TG1419', '200289765411', 'Dhanu', '2022', 'F', 'dhanu@gmail.com', '745432188'),
('TG1420', '202289786756', 'Dharshi', '2022', 'F', 'dharshi@gmail.com', '751234509'),
('TG1421', '200299666543', 'Thinesh', '2022', 'M', 'thinesh@gmail.com', '750987653'),
('TG1422', '200278904321', 'Akram', '2022', 'M', 'akram@gmail.com', '764545456'),
('TG1423', '200234567890', 'Thakshan', '2022', 'M', 'thak@gmail.com', '761234098'),
('TG1424', '200287667887', 'Keerthan', '2022', 'M', 'keerthan@gmail.com', '789876588'),
('TG1425', '200223450987', 'Madhu', '2022', 'F', 'madhu@gmail.com', '753456789'),
('TG1426', '200212347890', 'Suba', '2022', 'F', 'suba@gmail.com', '747474745'),
('TG1427', '200298769876', 'Praveen', '2022', 'M', 'praveen@gmail.com', '757698089');
## end




-- technical offcer structure 

CREATE TABLE IF NOT EXISTS `Technical_Officer` (
    `Technical_ID` CHAR(10) PRIMARY KEY,
    `Name` VARCHAR(50),
    `Contact` VARCHAR(15)
);

-- technical officer data 


INSERT INTO `Technical_Officer` (`Technical_ID`, `Name`, `Contact`) VALUES
('Tec_Off_01', 'Kavindi', '769870000'),
('Tec_Off_02', 'Raja', '755566799'),
('Tec_Off_04', 'Kamal', '760987654'),
('Tec_Off_07', 'Vihanga', '760000987'),
('Tec_Off_09', 'Mithu', '756677665');


-- dean table stucture 

CREATE TABLE IF NOT EXISTS`Dean` (
  `dean_id` VARCHAR(8) NOT NULL,
  `start_date` DATE NOT NULL,
  `dean_user_id` INT NOT NULL,
  PRIMARY KEY (`dean_id`)
) ENGINE=InnoDB DEFAULT CHARSET=utf8mb4 COLLATE=utf8mb4_general_ci;



-- dean table data 

INSERT INTO `Dean` (`dean_id`, `start_date`, `dean_user_id`) VALUES
('D0001', '2017-01-01', 1),
('D0002', '2023-01-01', 16);


##  `Course_Registration` table structure

CREATE TABLE IF NOT EXISTS `Course_Registration` (
  `Student_ID` CHAR(7),
  `Course_Code` CHAR(8),
  `Status` VARCHAR(10)
);

##  `Course_Registration` data 
	


INSERT INTO `Course_Registration` VALUES
('TG1062', 'ICT1213', 'Conform'),
('TG1062', 'ICT1222', 'Conform'),
('TG1062', 'ICT1233', 'Conform'),
('TG1062', 'ICT1242', 'Conform'),
('TG1062', 'ICT1253', 'Conform'),
('TG1062', 'ICT1261', 'Conform'),
('TG1062', 'ICT1271', 'Conform'),
('TG1062', 'ICT1283', 'Conform'),
('TG1062', 'ICT1293', 'Conform'),
('TG1062', 'ICT12102', 'Conform'),
('TG1063', 'ICT1213', 'Conform'),
('TG1063', 'ICT1222', 'Conform'),
('TG1063', 'ICT1233', 'Conform'),
('TG1063', 'ICT1242', 'Conform'),
('TG1063', 'ICT1253', 'Conform'),
('TG1063', 'ICT1261', 'Conform'),
('TG1063', 'ICT1271', 'Conform'),
('TG1063', 'ICT1283', 'Conform'),
('TG1063', 'ICT1293', 'Conform'),
('TG1063', 'ICT12102', 'Conform'),
('TG1064', 'ICT1213', 'Conform'),
('TG1064', 'ICT1222', 'Conform'),
('TG1064', 'ICT1233', 'Conform'),
('TG1064', 'ICT1242', 'Conform'),
('TG1064', 'ICT1253', 'Conform'),
('TG1064', 'ICT1261', 'Conform'),
('TG1064', 'ICT1271', 'Conform'),
('TG1064', 'ICT1283', 'Conform'),
('TG1064', 'ICT1293', 'Conform'),
('TG1064', 'ICT12102', 'Conform'),
('TG1414', 'ICT1213', 'Conform'),
('TG1414', 'ICT1222', 'Conform'),
('TG1414', 'ICT1233', 'Conform'),
('TG1414', 'ICT1242', 'Conform'),
('TG1414', 'ICT1252', 'Conform'),
('TG1414', 'ICT1261', 'Conform'),
('TG1414', 'ICT1271', 'Conform'),
('TG1414', 'ICT1283', 'Conform'),
('TG1414', 'ICT1293', 'Conform'),
('TG1414', 'ICT12102', 'Conform'),
('TG1413', 'ICT1213', 'Conform'),
('TG1413', 'ICT1222', 'Conform'),
('TG1413', 'ICT1233', 'Conform'),
('TG1413', 'ICT1242', 'Conform'),
('TG1413', 'ICT1253', 'Conform'),
('TG1413', 'ICT1261', 'Conform'),
('TG1413', 'ICT1271', 'Conform'),
('TG1413', 'ICT1283', 'Conform'),
('TG1413', 'ICT1293', 'Conform'),
('TG1413', 'ICT12102', 'Conform'),
('TG1415', 'ICT1213', 'Conform'),
('TG1415', 'ICT1222', 'Conform'),
('TG1415', 'ICT1233', 'Conform'),
('TG1415', 'ICT1242', 'Conform'),
('TG1415', 'ICT1253', 'Conform'),
('TG1415', 'ICT1261', 'Conform'),
('TG1415', 'ICT1271', 'Conform'),
('TG1415', 'ICT1283', 'Conform'),
('TG1415', 'ICT1293', 'Conform'),
('TG1415', 'ICT12102', 'Conform'),
('TG1417', 'ICT1213', 'Conform'),
('TG1417', 'ICT1222', 'Conform'),
('TG1417', 'ICT1233', 'Conform'),
('TG1417', 'ICT1242', 'Conform'),
('TG1417', 'ICT1253', 'Conform'),
('TG1417', 'ICT1261', 'Conform'),
('TG1417', 'ICT1271', 'Conform'),
('TG1417', 'ICT1283', 'Conform'),
('TG1417', 'ICT1293', 'Conform'),
('TG1417', 'ICT12102', 'Conform'),
('TG1067', 'ICT1213', 'Conform'),
('TG1067', 'ICT1222', 'Conform'),
('TG1067', 'ICT1233', 'Conform'),
('TG1067', 'ICT1242', 'Conform'),
('TG1067', 'ICT1253', 'Conform'),
('TG1067', 'ICT1261', 'Conform'),
('TG1067', 'ICT1271', 'Conform'),
('TG1067', 'ICT1283', 'Conform'),
('TG1067', 'ICT1293', 'Conform'),
('TG1067', 'ICT12102', 'Conform'),
('TG1416', 'ICT1213', 'Conform'),
('TG1416', 'ICT1222', 'Conform'),
('TG1416', 'ICT1233', 'Conform'),
('TG1416', 'ICT1242', 'Conform'),
('TG1416', 'ICT1253', 'Conform'),
('TG1416', 'ICT1261', 'Conform'),
('TG1416', 'ICT1271', 'Conform'),
('TG1416', 'ICT1283', 'Conform'),
('TG1416', 'ICT1293', 'Conform'),
('TG1416', 'ICT12102', 'Conform'),
('TG1345', 'ICT1213', 'Conform'),
('TG1345', 'ICT1222', 'Conform'),
('TG1345', 'ICT1233', 'Conform'),
('TG1345', 'ICT1242', 'Conform'),
('TG1345', 'ICT1253', 'Conform'),
('TG1345', 'ICT1261', 'Conform'),
('TG1345', 'TCS1271', 'Conform'),
('TG1345', 'ICT1283', 'Conform'),
('TG1345', 'ICT1293', 'Conform'),
('TG1345', 'ICT12102', 'Conform'),
('TG1418', 'ICT1213', 'Conform'),
('TG1418', 'ICT1222', 'Conform'),
('TG1418', 'ICT1233', 'Conform'),
('TG1418', 'ICT1242', 'Conform'),
('TG1418', 'ICT1253', 'Conform'),
('TG1418', 'ICT1261', 'Conform'),
('TG1418', 'ICT1271', 'Conform'),
('TG1418', 'ICT1283', 'Conform'),
('TG1418', 'ICT1293', 'Conform'),
('TG1418', 'ICT12102', 'Conform'),
('TG1419', 'ICT1213', 'Conform'),
('TG1419', 'ICT1222', 'Conform'),
('TG1419', 'ICT1233', 'Conform'),
('TG1419', 'ICT1242', 'Conform'),
('TG1419', 'ICT1253', 'Conform'),
('TG1419', 'ICT1261', 'Conform'),
('TG1419', 'ICT1271', 'Conform'),
('TG1419', 'ICT1283', 'Conform'),
('TG1419', 'ICT1293', 'Conform'),
('TG1419', 'ICT12102', 'Conform'),
('TG1420', 'ICT1213', 'Conform'),
('TG1420', 'ICT1222', 'Conform'),
('TG1420', 'ICT1233', 'Conform'),
('TG1420', 'ICT1242', 'Conform'),
('TG1420', 'ICT1253', 'Conform'),
('TG1420', 'ICT1261', 'Conform'),
('TG1420', 'ICT1271', 'Conform'),
('TG1420', 'ICT1283', 'Conform'),
('TG1420', 'ICT1293', 'Conform'),
('TG1420', 'ICT12102', 'Conform'),
('TG1421', 'ICT1213', 'Conform'),
('TG1421', 'ICT1222', 'Conform');

##  `Exam_Registration` table structure


CREATE TABLE IF NOT EXISTS `Exam_Registration` (
  `Student_ID` CHAR(6) NOT NULL,
  `Course_Code` CHAR(8) NOT NULL, -- Adjusted size to accommodate longer course codes
  `Status` VARCHAR(10) NOT NULL,
  PRIMARY KEY (`Student_ID`, `Course_Code`) -- Set composite primary key
);

-- Insert records into Exam_Registration
IINSERT INTO `Exam_Registration` (`Student_ID`, `Course_Code`, `Status`) VALUES
('TG1062', 'ICT1213', 'Conform'),
('TG1062', 'ICT1222', 'Conform'),
('TG1062', 'ICT1233', 'Conform'),
('TG1062', 'ICT1242', 'Conform'),
('TG1062', 'ICT1253', 'Conform'),
('TG1062', 'ICT1261', 'Conform'),
('TG1062', 'ICT1271', 'Conform'),
('TG1062', 'ICT1283', 'Conform'),
('TG1062', 'ICT1293', 'Conform'),
('TG1062', 'ICT12102', 'Conform'),  -- Assuming the 'ICT12102' is a valid course code
('TG1063', 'ICT1213', 'Conform'),
('TG1063', 'ICT1222', 'Conform'),
('TG1063', 'ICT1233', 'Conform'),
('TG1063', 'ICT1242', 'Conform'),
('TG1063', 'ICT1253', 'Conform'),
('TG1063', 'ICT1261', 'Conform'),
('TG1063', 'ICT1271', 'Conform'),
('TG1063', 'ICT1283', 'Conform'),
('TG1063', 'ICT1293', 'Conform'),
('TG1063', 'ICT12102', 'Conform'),
('TG1064', 'ICT1213', 'Conform'),
('TG1064', 'ICT1222', 'Conform'),
('TG1064', 'ICT1233', 'Conform'),
('TG1064', 'ICT1242', 'Conform'),
('TG1064', 'ICT1253', 'Conform'),
('TG1064', 'ICT1261', 'Conform'),
('TG1064', 'ICT1271', 'Conform'),
('TG1064', 'ICT1283', 'Conform'),
('TG1064', 'ICT1293', 'Conform'),
('TG1064', 'ICT12102', 'Conform'),
('TG1414', 'ICT1213', 'Conform'),
('TG1414', 'ICT1222', 'Conform'),
('TG1414', 'ICT1233', 'Conform'),
('TG1414', 'ICT1242', 'Conform'),
('TG1414', 'ICT1252', 'Conform'),
('TG1414', 'ICT1261', 'Conform'),
('TG1414', 'ICT1271', 'Conform'),
('TG1414', 'ICT1283', 'Conform'),
('TG1414', 'ICT1293', 'Conform'),
('TG1414', 'ICT12102', 'Conform'),
('TG1413', 'ICT1213', 'Conform'),
('TG1413', 'ICT1222', 'Conform'),
('TG1413', 'ICT1233', 'Conform'),
('TG1413', 'ICT1242', 'Conform'),
('TG1413', 'ICT1253', 'Conform'),
('TG1413', 'ICT1261', 'Conform'),
('TG1413', 'ICT1271', 'Conform'),
('TG1413', 'ICT1283', 'Conform'),
('TG1413', 'ICT1293', 'Conform'),
('TG1413', 'ICT12102', 'Conform'),
('TG1415', 'ICT1213', 'Conform'),
('TG1415', 'ICT1222', 'Conform'),
('TG1415', 'ICT1233', 'Conform'),
('TG1415', 'ICT1242', 'Conform'),
('TG1415', 'ICT1253', 'Conform'),
('TG1415', 'ICT1261', 'Conform'),
('TG1415', 'ICT1271', 'Conform'),
('TG1415', 'ICT1283', 'Conform'),
('TG1415', 'ICT1293', 'Conform'),
('TG1415', 'ICT12102', 'Conform'),
('TG1417', 'ICT1213', 'Conform'),
('TG1417', 'ICT1222', 'Conform'),
('TG1417', 'ICT1233', 'Conform'),
('TG1417', 'ICT1242', 'Conform'),
('TG1417', 'ICT1253', 'Conform'),
('TG1417', 'ICT1261', 'Conform'),
('TG1417', 'ICT1271', 'Conform'),
('TG1417', 'ICT1283', 'Conform'),
('TG1417', 'ICT1293', 'Conform'),
('TG1417', 'ICT12102', 'Conform'),
('TG1067', 'ICT1213', 'Conform'),
('TG1067', 'ICT1222', 'Conform'),
('TG1067', 'ICT1233', 'Conform'),
('TG1067', 'ICT1242', 'Conform'),
('TG1067', 'ICT1253', 'Conform'),
('TG1067', 'ICT1261', 'Conform'),
('TG1067', 'ICT1271', 'Conform'),
('TG1067', 'ICT1283', 'Conform'),
('TG1067', 'ICT1293', 'Conform'),
('TG1067', 'ICT12102', 'Conform'),
('TG1416', 'ICT1213', 'Conform'),
('TG1416', 'ICT1222', 'Conform'),
('TG1416', 'ICT1233', 'Conform'),
('TG1416', 'ICT1242', 'Conform'),
('TG1416', 'ICT1253', 'Conform'),
('TG1416', 'ICT1261', 'Conform'),
('TG1416', 'ICT1271', 'Conform'),
('TG1416', 'ICT1283', 'Conform'),
('TG1416', 'ICT1293', 'Conform'),
('TG1416', 'ICT12102', 'Conform'),
('TG1345', 'ICT1213', 'Conform'),
('TG1345', 'ICT1222', 'Conform'),
('TG1345', 'ICT1233', 'Conform'),
('TG1345', 'ICT1242', 'Conform'),
('TG1345', 'ICT1253', 'Conform'),
('TG1345', 'ICT1261', 'Conform'),
('TG1345', 'TCS1271', 'Conform'),  -- Changed course code to a valid one
('TG1345', 'ICT1283', 'Conform'),
('TG1345', 'ICT1293', 'Conform'),
('TG1345', 'ICT12102', 'Conform'),
('TG1418', 'ICT1213', 'Conform'),
('TG1418', 'ICT1222', 'Conform'),
('TG1418', 'ICT1233', 'Conform'),
('TG1418', 'ICT1242', 'Conform'),
('TG1418', 'ICT1253', 'Conform'),
('TG1418', 'ICT1261', 'Conform'),
('TG1418', 'ICT1271', 'Conform'),
('TG1418', 'ICT1283', 'Conform'),
('TG1418', 'ICT1293', 'Conform'),
('TG1418', 'ICT12102', 'Conform'),
('TG1419', 'ICT1213', 'Conform'),
('TG1419', 'ICT1222', 'Conform'),
('TG1419', 'ICT1233', 'Conform'),
('TG1419', 'ICT1242', 'Conform'),
('TG1419', 'ICT1253', 'Conform'),
('TG1419', 'ICT1261', 'Conform'),
('TG1419', 'ICT1271', 'Conform'),
('TG1419', 'ICT1283', 'Conform'),
('TG1419', 'ICT1293', 'Conform'),
('TG1419', 'ICT12102', 'Conform'),
('TG1420', 'ICT1213', 'Conform'),
('TG1420', 'ICT1222', 'Conform'),
('TG1420', 'ICT1233', 'Conform'),
('TG1420', 'ICT1242', 'Conform'),
('TG1420', 'ICT1253', 'Conform'),
('TG1420', 'ICT1261', 'Conform'),
('TG1420', 'ICT1271', 'Conform'),
('TG1420', 'ICT1283', 'Conform'),
('TG1420', 'ICT1293', 'Conform'),
('TG1420', 'ICT12102', 'Conform');

## end ## 


###  ##  `admin` table structure
	
CREATE TABLE IF NOT EXISTS `Admin` (
    `Admin_ID` CHAR(5),
    `Name` VARCHAR(50),
    `Contact` CHAR(10)
);

-- Insert records into  `admin`

INSERT INTO `Admin` VALUES
('A001','Suman','719877898'),
('A002','Gamage','765677655'),
('A003','Nilan','754455660'),
('A004','Nikmal','779988776'),
('A005','Namal','751237778');

## end 


###  ## `Examination` table structure

CREATE TABLE IF NOT EXISTS `Examination` (
    `Course_Code` CHAR(7) PRIMARY KEY,
    `Subject` VARCHAR(50),
    `Date` DATE
);

-- Insert records into `Examination`
INSERT INTO `Examination` VALUES
    ("ICT1213", "Database_management_system", "2024-11-18"),
    ("ICT1222", "Computer_architecture", "2024-11-20"),
    ("ICT1233", "Computer_network", "2024-11-21"),
    ("ICT1242", "Server_side_web_development", "2024-11-22"),
    ("ICT1253", "Computer_programming", "2024-11-24"),
    ("ICT1261", "Multimedia_technology", "2024-11-27"),
    ("ICT1271", "Fundamentals_of_IS", "2024-11-28"),
    ("ICT183", "Web_technology", "2024-11-30"),
    ("ICT1293", "Artificial_intelligence", "2024-12-02"),
    ("ICT212", "Software_engineering", "2024-12-04");
